-- ChitLaq M1 MVP - Demo Data for Development
-- Sample data for testing and development purposes
-- Generated by PROMPT 1.3 - Database Schema & Migrations

-- ===============================
-- DEMO USERS
-- ===============================

-- Insert demo users with various university emails
INSERT INTO auth.users (id, email, email_confirmed_at, created_at, updated_at) VALUES
('a1b2c3d4-e5f6-7890-1234-567890abcdef', 'alice.smith@metu.edu.tr', NOW(), NOW(), NOW()),
('b2c3d4e5-f6g7-8901-2345-678901bcdefg', 'bob.johnson@mit.edu', NOW(), NOW(), NOW()),
('c3d4e5f6-g7h8-9012-3456-789012cdefgh', 'carol.wilson@ox.ac.uk', NOW(), NOW(), NOW()),
('d4e5f6g7-h8i9-0123-4567-890123defghi', 'david.brown@bilkent.edu.tr', NOW(), NOW(), NOW()),
('e5f6g7h8-i9j0-1234-5678-901234efghij', 'emma.davis@stanford.edu', NOW(), NOW(), NOW()),
('f6g7h8i9-j0k1-2345-6789-012345fghijk', 'frank.miller@itu.edu.tr', NOW(), NOW(), NOW()),
('g7h8i9j0-k1l2-3456-7890-123456ghijkl', 'grace.taylor@cambridge.ac.uk', NOW(), NOW(), NOW()),
('h8i9j0k1-l2m3-4567-8901-234567hijklm', 'henry.anderson@boun.edu.tr', NOW(), NOW(), NOW());

-- Insert user profiles
INSERT INTO user_profiles (user_id, username, display_name, bio, avatar_url, university_domain, university_verified, onboarding_completed) VALUES
('a1b2c3d4-e5f6-7890-1234-567890abcdef', 'alice_metu', 'Alice Smith', 'Computer Science student at METU 🎓 Love coding and coffee ☕', 'https://picsum.photos/150/150?random=1', 'metu.edu.tr', true, true),
('b2c3d4e5-f6g7-8901-2345-678901bcdefg', 'bob_mit', 'Bob Johnson', 'MIT Engineering | Tech enthusiast | Building the future 🚀', 'https://picsum.photos/150/150?random=2', 'mit.edu', true, true),
('c3d4e5f6-g7h8-9012-3456-789012cdefgh', 'carol_oxford', 'Carol Wilson', 'Oxford Philosophy student | Lover of books and ideas 📚', 'https://picsum.photos/150/150?random=3', 'ox.ac.uk', true, true),
('d4e5f6g7-h8i9-0123-4567-890123defghi', 'david_bilkent', 'David Brown', 'Bilkent CS | Open source contributor | Basketball player 🏀', 'https://picsum.photos/150/150?random=4', 'bilkent.edu.tr', true, true),
('e5f6g7h8-i9j0-1234-5678-901234efghij', 'emma_stanford', 'Emma Davis', 'Stanford MBA candidate | Entrepreneur | Sustainable tech advocate 🌱', 'https://picsum.photos/150/150?random=5', 'stanford.edu', true, true),
('f6g7h8i9-j0k1-2345-6789-012345fghijk', 'frank_itu', 'Frank Miller', 'ITU Architecture | Design thinking | Urban planning enthusiast 🏗️', 'https://picsum.photos/150/150?random=6', 'itu.edu.tr', true, true),
('g7h8i9j0-k1l2-3456-7890-123456ghijkl', 'grace_cambridge', 'Grace Taylor', 'Cambridge Mathematics | Research in AI/ML | Piano lover 🎹', 'https://picsum.photos/150/150?random=7', 'cam.ac.uk', true, true),
('h8i9j0k1-l2m3-4567-8901-234567hijklm', 'henry_boun', 'Henry Anderson', 'Boğaziçi Economics | Financial markets analyst | Chess player ♟️', 'https://picsum.photos/150/150?random=8', 'boun.edu.tr', true, true);

-- ===============================
-- DEMO RELATIONSHIPS
-- ===============================

-- Create some friendships (mutual follows)
INSERT INTO user_relationships (follower_id, following_id, relationship_type, created_at) VALUES
-- Alice follows Bob, Bob follows Alice (mutual)
('a1b2c3d4-e5f6-7890-1234-567890abcdef', 'b2c3d4e5-f6g7-8901-2345-678901bcdefg', 'following', NOW() - INTERVAL '5 days'),
('b2c3d4e5-f6g7-8901-2345-678901bcdefg', 'a1b2c3d4-e5f6-7890-1234-567890abcdef', 'following', NOW() - INTERVAL '4 days'),

-- Carol follows Alice
('c3d4e5f6-g7h8-9012-3456-789012cdefgh', 'a1b2c3d4-e5f6-7890-1234-567890abcdef', 'following', NOW() - INTERVAL '3 days'),

-- David follows everyone (social butterfly)
('d4e5f6g7-h8i9-0123-4567-890123defghi', 'a1b2c3d4-e5f6-7890-1234-567890abcdef', 'following', NOW() - INTERVAL '7 days'),
('d4e5f6g7-h8i9-0123-4567-890123defghi', 'b2c3d4e5-f6g7-8901-2345-678901bcdefg', 'following', NOW() - INTERVAL '6 days'),
('d4e5f6g7-h8i9-0123-4567-890123defghi', 'c3d4e5f6-g7h8-9012-3456-789012cdefgh', 'following', NOW() - INTERVAL '5 days'),
('d4e5f6g7-h8i9-0123-4567-890123defghi', 'e5f6g7h8-i9j0-1234-5678-901234efghij', 'following', NOW() - INTERVAL '4 days'),

-- Emma and Grace mutual follow
('e5f6g7h8-i9j0-1234-5678-901234efghij', 'g7h8i9j0-k1l2-3456-7890-123456ghijkl', 'following', NOW() - INTERVAL '2 days'),
('g7h8i9j0-k1l2-3456-7890-123456ghijkl', 'e5f6g7h8-i9j0-1234-5678-901234efghij', 'following', NOW() - INTERVAL '2 days'),

-- Frank follows Henry
('f6g7h8i9-j0k1-2345-6789-012345fghijk', 'h8i9j0k1-l2m3-4567-8901-234567hijklm', 'following', NOW() - INTERVAL '1 day');

-- ===============================
-- DEMO POSTS
-- ===============================

-- Insert demo posts with various content types
INSERT INTO posts (id, user_id, content, hashtags, mentioned_users, privacy_level, created_at) VALUES
-- Alice's posts
('post001', 'a1b2c3d4-e5f6-7890-1234-567890abcdef', 
 'Just finished my algorithms assignment! 🎉 The dynamic programming approach was challenging but so rewarding. #algorithms #coding #metu', 
 ARRAY['algorithms', 'coding', 'metu'], ARRAY[]::uuid[], 'public', NOW() - INTERVAL '2 hours'),

('post002', 'a1b2c3d4-e5f6-7890-1234-567890abcdef', 
 'Beautiful sunset from METU campus today 🌅 Perfect study break! #metucampus #sunset #studybreak', 
 ARRAY['metucampus', 'sunset', 'studybreak'], ARRAY[]::uuid[], 'public', NOW() - INTERVAL '1 day'),

-- Bob's posts
('post003', 'b2c3d4e5-f6g7-8901-2345-678901bcdefg', 
 'Excited to share my latest project! Built a real-time chat app using WebSockets and Node.js. Code is on GitHub 🚀 #webdev #nodejs #realtime #mit', 
 ARRAY['webdev', 'nodejs', 'realtime', 'mit'], ARRAY[]::uuid[], 'public', NOW() - INTERVAL '3 hours'),

('post004', 'b2c3d4e5-f6g7-8901-2345-678901bcdefg', 
 'Great discussion in today''s machine learning seminar. Prof talked about transformer architectures and their applications. Mind blown 🤯 #machinelearning #ai #transformers', 
 ARRAY['machinelearning', 'ai', 'transformers'], ARRAY[]::uuid[], 'public', NOW() - INTERVAL '6 hours'),

-- Carol's posts
('post005', 'c3d4e5f6-g7h8-9012-3456-789012cdefgh', 
 'Reading Wittgenstein''s Philosophical Investigations again. Such profound insights into language and meaning. Highly recommend! 📖 #philosophy #wittgenstein #oxford', 
 ARRAY['philosophy', 'wittgenstein', 'oxford'], ARRAY[]::uuid[], 'public', NOW() - INTERVAL '4 hours'),

-- David's posts with mentions
('post006', 'd4e5f6g7-h8i9-0123-4567-890123defghi', 
 'Had an amazing basketball game today! Thanks @alice_metu for cheering us on 🏀 #basketball #bilkent #teamwork', 
 ARRAY['basketball', 'bilkent', 'teamwork'], ARRAY['a1b2c3d4-e5f6-7890-1234-567890abcdef'], 'public', NOW() - INTERVAL '5 hours'),

-- Emma's posts
('post007', 'e5f6g7h8-i9j0-1234-5678-901234efghij', 
 'Presenting our startup pitch tomorrow! We''re building sustainable packaging solutions using AI. Wish us luck! 🍀 #startup #sustainability #ai #stanford', 
 ARRAY['startup', 'sustainability', 'ai', 'stanford'], ARRAY[]::uuid[], 'public', NOW() - INTERVAL '12 hours'),

-- Frank's posts
('post008', 'f6g7h8i9-j0k1-2345-6789-012345fghijk', 
 'Finished my architectural design for the sustainable housing project. Excited about integrating green technology! 🏠♻️ #architecture #sustainable #greentech #itu', 
 ARRAY['architecture', 'sustainable', 'greentech', 'itu'], ARRAY[]::uuid[], 'public', NOW() - INTERVAL '8 hours'),

-- Grace's posts
('post009', 'g7h8i9j0-k1l2-3456-7890-123456ghijkl', 
 'Working on a fascinating research problem in algebraic topology. The intersection of math and computer science never ceases to amaze me! 🔢 #mathematics #research #topology #cambridge', 
 ARRAY['mathematics', 'research', 'topology', 'cambridge'], ARRAY[]::uuid[], 'public', NOW() - INTERVAL '10 hours'),

-- Henry's posts
('post010', 'h8i9j0k1-l2m3-4567-8901-234567hijklm', 
 'Analyzing crypto market trends for my econometrics project. The volatility patterns are quite interesting from a statistical perspective 📈 #economics #crypto #statistics #boun', 
 ARRAY['economics', 'crypto', 'statistics', 'boun'], ARRAY[]::uuid[], 'public', NOW() - INTERVAL '14 hours');

-- ===============================
-- DEMO INTERACTIONS
-- ===============================

-- Post likes
INSERT INTO post_interactions (post_id, user_id, interaction_type, created_at) VALUES
-- Alice's posts get likes
('post001', 'b2c3d4e5-f6g7-8901-2345-678901bcdefg', 'like', NOW() - INTERVAL '1 hour 30 minutes'),
('post001', 'd4e5f6g7-h8i9-0123-4567-890123defghi', 'like', NOW() - INTERVAL '1 hour'),
('post002', 'c3d4e5f6-g7h8-9012-3456-789012cdefgh', 'like', NOW() - INTERVAL '20 hours'),

-- Bob's posts get likes
('post003', 'a1b2c3d4-e5f6-7890-1234-567890abcdef', 'like', NOW() - INTERVAL '2 hours 30 minutes'),
('post003', 'd4e5f6g7-h8i9-0123-4567-890123defghi', 'like', NOW() - INTERVAL '2 hours'),
('post003', 'g7h8i9j0-k1l2-3456-7890-123456ghijkl', 'like', NOW() - INTERVAL '1 hour 45 minutes'),
('post004', 'e5f6g7h8-i9j0-1234-5678-901234efghij', 'like', NOW() - INTERVAL '5 hours 30 minutes'),

-- More likes across posts
('post005', 'g7h8i9j0-k1l2-3456-7890-123456ghijkl', 'like', NOW() - INTERVAL '3 hours 30 minutes'),
('post006', 'a1b2c3d4-e5f6-7890-1234-567890abcdef', 'like', NOW() - INTERVAL '4 hours 30 minutes'),
('post007', 'g7h8i9j0-k1l2-3456-7890-123456ghijkl', 'like', NOW() - INTERVAL '11 hours 30 minutes'),
('post008', 'h8i9j0k1-l2m3-4567-8901-234567hijklm', 'like', NOW() - INTERVAL '7 hours 30 minutes'),
('post009', 'e5f6g7h8-i9j0-1234-5678-901234efghij', 'like', NOW() - INTERVAL '9 hours 30 minutes'),
('post010', 'f6g7h8i9-j0k1-2345-6789-012345fghijk', 'like', NOW() - INTERVAL '13 hours 30 minutes');

-- ===============================
-- DEMO CONVERSATIONS & MESSAGES
-- ===============================

-- Create conversations
INSERT INTO conversations (id, type, name, created_by, created_at) VALUES
('conv001', 'direct', NULL, 'a1b2c3d4-e5f6-7890-1234-567890abcdef', NOW() - INTERVAL '2 days'),
('conv002', 'direct', NULL, 'c3d4e5f6-g7h8-9012-3456-789012cdefgh', NOW() - INTERVAL '1 day'),
('conv003', 'group', 'METU CS Study Group', 'a1b2c3d4-e5f6-7890-1234-567890abcdef', NOW() - INTERVAL '3 days');

-- Add participants to conversations
INSERT INTO conversation_participants (conversation_id, user_id, role, joined_at) VALUES
-- Direct conversation between Alice and Bob
('conv001', 'a1b2c3d4-e5f6-7890-1234-567890abcdef', 'member', NOW() - INTERVAL '2 days'),
('conv001', 'b2c3d4e5-f6g7-8901-2345-678901bcdefg', 'member', NOW() - INTERVAL '2 days'),

-- Direct conversation between Carol and Grace
('conv002', 'c3d4e5f6-g7h8-9012-3456-789012cdefgh', 'member', NOW() - INTERVAL '1 day'),
('conv002', 'g7h8i9j0-k1l2-3456-7890-123456ghijkl', 'member', NOW() - INTERVAL '1 day'),

-- Group conversation
('conv003', 'a1b2c3d4-e5f6-7890-1234-567890abcdef', 'admin', NOW() - INTERVAL '3 days'),
('conv003', 'd4e5f6g7-h8i9-0123-4567-890123defghi', 'member', NOW() - INTERVAL '3 days'),
('conv003', 'f6g7h8i9-j0k1-2345-6789-012345fghijk', 'member', NOW() - INTERVAL '2 days');

-- Insert messages
INSERT INTO messages (id, conversation_id, sender_id, content, message_type, created_at) VALUES
-- Alice and Bob conversation
('msg001', 'conv001', 'a1b2c3d4-e5f6-7890-1234-567890abcdef', 'Hey Bob! How''s the ML project going?', 'text', NOW() - INTERVAL '2 days'),
('msg002', 'conv001', 'b2c3d4e5-f6g7-8901-2345-678901bcdefg', 'Hey Alice! Making good progress. The neural network is finally converging 🎉', 'text', NOW() - INTERVAL '2 days' + INTERVAL '5 minutes'),
('msg003', 'conv001', 'a1b2c3d4-e5f6-7890-1234-567890abcdef', 'That''s awesome! I''d love to see your code when you''re ready to share', 'text', NOW() - INTERVAL '2 days' + INTERVAL '10 minutes'),
('msg004', 'conv001', 'b2c3d4e5-f6g7-8901-2345-678901bcdefg', 'Absolutely! I''ll push it to GitHub later today', 'text', NOW() - INTERVAL '1 day'),

-- Carol and Grace conversation
('msg005', 'conv002', 'c3d4e5f6-g7h8-9012-3456-789012cdefgh', 'Grace, your research on algebraic topology sounds fascinating!', 'text', NOW() - INTERVAL '1 day'),
('msg006', 'conv002', 'g7h8i9j0-k1l2-3456-7890-123456ghijkl', 'Thank you Carol! The philosophical implications are quite profound actually', 'text', NOW() - INTERVAL '1 day' + INTERVAL '15 minutes'),
('msg007', 'conv002', 'c3d4e5f6-g7h8-9012-3456-789012cdefgh', 'I''d love to discuss how mathematical structures relate to language structures', 'text', NOW() - INTERVAL '1 day' + INTERVAL '20 minutes'),

-- Group conversation
('msg008', 'conv003', 'a1b2c3d4-e5f6-7890-1234-567890abcdef', 'Welcome to our CS study group! Let''s help each other with algorithms', 'text', NOW() - INTERVAL '3 days'),
('msg009', 'conv003', 'd4e5f6g7-h8i9-0123-4567-890123defghi', 'Thanks Alice! I''m struggling with graph algorithms', 'text', NOW() - INTERVAL '3 days' + INTERVAL '10 minutes'),
('msg010', 'conv003', 'f6g7h8i9-j0k1-2345-6789-012345fghijk', 'I can help with that! DFS and BFS are fundamental building blocks', 'text', NOW() - INTERVAL '3 days' + INTERVAL '25 minutes'),
('msg011', 'conv003', 'a1b2c3d4-e5f6-7890-1234-567890abcdef', 'Great! Let''s schedule a study session this weekend', 'text', NOW() - INTERVAL '2 days');

-- ===============================
-- DEMO NOTIFICATIONS
-- ===============================

-- Create some notifications
INSERT INTO notifications (id, user_id, type, title, content, related_entity_type, related_entity_id, created_at) VALUES
-- Mention notification for Alice
('notif001', 'a1b2c3d4-e5f6-7890-1234-567890abcdef', 'mention', 'You were mentioned in a post', 
 'David mentioned you in their post about basketball', 'post', 'post006', NOW() - INTERVAL '5 hours'),

-- Like notifications
('notif002', 'a1b2c3d4-e5f6-7890-1234-567890abcdef', 'like', 'Your post was liked', 
 'Bob liked your post about algorithms', 'post', 'post001', NOW() - INTERVAL '1 hour 30 minutes'),

('notif003', 'b2c3d4e5-f6g7-8901-2345-678901bcdefg', 'like', 'Your post was liked', 
 'Alice liked your post about the chat app project', 'post', 'post003', NOW() - INTERVAL '2 hours 30 minutes'),

-- Follow notifications
('notif004', 'b2c3d4e5-f6g7-8901-2345-678901bcdefg', 'follow', 'New follower', 
 'David started following you', 'user', 'd4e5f6g7-h8i9-0123-4567-890123defghi', NOW() - INTERVAL '6 days'),

('notif005', 'e5f6g7h8-i9j0-1234-5678-901234efghij', 'follow', 'New follower', 
 'Grace started following you', 'user', 'g7h8i9j0-k1l2-3456-7890-123456ghijkl', NOW() - INTERVAL '2 days'),

-- Message notifications
('notif006', 'g7h8i9j0-k1l2-3456-7890-123456ghijkl', 'message', 'New message', 
 'Carol sent you a message', 'conversation', 'conv002', NOW() - INTERVAL '1 day' + INTERVAL '20 minutes');

-- ===============================
-- DEMO HASHTAGS
-- ===============================

-- Update hashtag usage counts based on posts
INSERT INTO hashtags (name, usage_count, trending_score, last_used_at) VALUES
('algorithms', 1, 0.8, NOW() - INTERVAL '2 hours'),
('coding', 1, 0.7, NOW() - INTERVAL '2 hours'),
('metu', 2, 1.2, NOW() - INTERVAL '2 hours'),
('webdev', 1, 0.9, NOW() - INTERVAL '3 hours'),
('nodejs', 1, 0.8, NOW() - INTERVAL '3 hours'),
('realtime', 1, 0.6, NOW() - INTERVAL '3 hours'),
('mit', 1, 0.7, NOW() - INTERVAL '3 hours'),
('machinelearning', 1, 1.1, NOW() - INTERVAL '6 hours'),
('ai', 2, 1.5, NOW() - INTERVAL '6 hours'),
('transformers', 1, 0.9, NOW() - INTERVAL '6 hours'),
('philosophy', 1, 0.5, NOW() - INTERVAL '4 hours'),
('wittgenstein', 1, 0.3, NOW() - INTERVAL '4 hours'),
('oxford', 1, 0.6, NOW() - INTERVAL '4 hours'),
('basketball', 1, 0.7, NOW() - INTERVAL '5 hours'),
('bilkent', 1, 0.8, NOW() - INTERVAL '5 hours'),
('teamwork', 1, 0.6, NOW() - INTERVAL '5 hours'),
('startup', 1, 1.0, NOW() - INTERVAL '12 hours'),
('sustainability', 1, 0.9, NOW() - INTERVAL '12 hours'),
('stanford', 1, 0.8, NOW() - INTERVAL '12 hours'),
('architecture', 1, 0.7, NOW() - INTERVAL '8 hours'),
('sustainable', 1, 0.8, NOW() - INTERVAL '8 hours'),
('greentech', 1, 0.9, NOW() - INTERVAL '8 hours'),
('itu', 1, 0.7, NOW() - INTERVAL '8 hours'),
('mathematics', 1, 0.8, NOW() - INTERVAL '10 hours'),
('research', 1, 1.0, NOW() - INTERVAL '10 hours'),
('topology', 1, 0.4, NOW() - INTERVAL '10 hours'),
('cambridge', 1, 0.7, NOW() - INTERVAL '10 hours'),
('economics', 1, 0.6, NOW() - INTERVAL '14 hours'),
('crypto', 1, 1.2, NOW() - INTERVAL '14 hours'),
('statistics', 1, 0.8, NOW() - INTERVAL '14 hours'),
('boun', 1, 0.7, NOW() - INTERVAL '14 hours');

-- ===============================
-- DEMO SYSTEM DATA
-- ===============================

-- Add some system configuration for demo
INSERT INTO system_config (config_key, config_value, description, is_public) VALUES
('demo_mode', 'true', 'Enable demo mode with sample data', false),
('max_post_length', '2000', 'Maximum characters in a post', true),
('max_hashtags_per_post', '10', 'Maximum hashtags per post', true),
('max_mentions_per_post', '5', 'Maximum mentions per post', true),
('trending_hashtag_threshold', '5', 'Minimum usage count for trending hashtags', false),
('notification_retention_days', '30', 'Days to keep notifications', false);

-- ===============================
-- DEMO ANALYTICS DATA
-- ===============================

-- Add some demo analytics events
INSERT INTO analytics_events (event_type, user_id, metadata, created_at) VALUES
('user_login', 'a1b2c3d4-e5f6-7890-1234-567890abcdef', '{"ip": "192.168.1.100", "user_agent": "Mozilla/5.0"}', NOW() - INTERVAL '2 hours'),
('user_login', 'b2c3d4e5-f6g7-8901-2345-678901bcdefg', '{"ip": "192.168.1.101", "user_agent": "Mozilla/5.0"}', NOW() - INTERVAL '3 hours'),
('post_create', 'a1b2c3d4-e5f6-7890-1234-567890abcdef', '{"post_id": "post001", "character_count": 180}', NOW() - INTERVAL '2 hours'),
('post_create', 'b2c3d4e5-f6g7-8901-2345-678901bcdefg', '{"post_id": "post003", "character_count": 220}', NOW() - INTERVAL '3 hours'),
('hashtag_click', 'c3d4e5f6-g7h8-9012-3456-789012cdefgh', '{"hashtag": "algorithms", "context": "feed"}', NOW() - INTERVAL '1 hour'),
('profile_view', 'd4e5f6g7-h8i9-0123-4567-890123defghi', '{"viewed_user_id": "a1b2c3d4-e5f6-7890-1234-567890abcdef"}', NOW() - INTERVAL '4 hours'),
('message_send', 'a1b2c3d4-e5f6-7890-1234-567890abcdef', '{"conversation_id": "conv001", "message_length": 45}', NOW() - INTERVAL '2 days'),
('feed_scroll', 'e5f6g7h8-i9j0-1234-5678-901234efghij', '{"posts_seen": 10, "session_duration": 300}', NOW() - INTERVAL '1 hour');

-- Update user activity timestamps
UPDATE user_profiles SET 
    last_active_at = NOW() - INTERVAL '1 hour'
WHERE user_id IN ('a1b2c3d4-e5f6-7890-1234-567890abcdef', 'b2c3d4e5-f6g7-8901-2345-678901bcdefg');

UPDATE user_profiles SET 
    last_active_at = NOW() - INTERVAL '2 hours'
WHERE user_id IN ('c3d4e5f6-g7h8-9012-3456-789012cdefgh', 'd4e5f6g7-h8i9-0123-4567-890123defghi');

UPDATE user_profiles SET 
    last_active_at = NOW() - INTERVAL '3 hours'
WHERE user_id IN ('e5f6g7h8-i9j0-1234-5678-901234efghij', 'f6g7h8i9-j0k1-2345-6789-012345fghijk');

-- Add message read status for some messages
INSERT INTO message_read_status (message_id, user_id, read_at) VALUES
('msg001', 'b2c3d4e5-f6g7-8901-2345-678901bcdefg', NOW() - INTERVAL '2 days' + INTERVAL '2 minutes'),
('msg002', 'a1b2c3d4-e5f6-7890-1234-567890abcdef', NOW() - INTERVAL '2 days' + INTERVAL '6 minutes'),
('msg003', 'b2c3d4e5-f6g7-8901-2345-678901bcdefg', NOW() - INTERVAL '2 days' + INTERVAL '11 minutes'),
('msg004', 'a1b2c3d4-e5f6-7890-1234-567890abcdef', NOW() - INTERVAL '23 hours'),
('msg005', 'g7h8i9j0-k1l2-3456-7890-123456ghijkl', NOW() - INTERVAL '1 day' + INTERVAL '16 minutes'),
('msg006', 'c3d4e5f6-g7h8-9012-3456-789012cdefgh', NOW() - INTERVAL '1 day' + INTERVAL '17 minutes');

-- Create some notification read status
UPDATE notifications SET 
    read_at = NOW() - INTERVAL '30 minutes'
WHERE id IN ('notif002', 'notif003', 'notif005');

COMMENT ON TABLE user_profiles IS 'Demo data includes 8 users from various universities with realistic profiles and interactions';
COMMENT ON TABLE posts IS 'Demo posts showcase different content types, hashtags, mentions, and engagement patterns';
COMMENT ON TABLE conversations IS 'Demo conversations include both direct messages and group chats with realistic message flows';
COMMENT ON TABLE analytics_events IS 'Demo analytics show typical user behavior patterns for development testing';

-- Update table statistics for better query planning
ANALYZE user_profiles;
ANALYZE posts;
ANALYZE post_interactions;
ANALYZE conversations;
ANALYZE messages;
ANALYZE notifications;
ANALYZE hashtags;
ANALYZE analytics_events;
